{
  "IcoMoonType": "selection",
  "icons": [
    {
      "icon": {
        "paths": [
          "M292.151 759.308c-121.623-119.608-226.588-222.852-233.256-229.431l-12.123-11.961 42.688-43.003c23.479-23.651 126.831-129.516 229.673-235.256s187.626-192.253 188.411-192.253c0.785 0 28.173 24.184 60.863 53.743l59.436 53.743-88.696 89.941c-48.783 49.468-127.509 129.327-174.946 177.464l-86.251 87.523 58.432 59.685c32.137 32.827 110.246 112.077 173.575 176.111l115.143 116.426-14.886 15.638c-8.187 8.601-33.346 34.416-55.908 57.368l-41.023 41.73-221.132-217.47zM64.759 453.312l441.17-453.312 169.992 153.802-352.127 356.174 348.079 352.127-157.849 161.897-514.024-505.929z"
        ],
        "attrs": [
          {}
        ],
        "width": 676,
        "isMulticolor": false,
        "isMulticolor2": false,
        "grid": 0,
        "tags": [
          "t-button-l-solid"
        ]
      },
      "attrs": [
        {}
      ],
      "properties": {
        "order": 2,
        "id": 1,
        "name": "t-button-l-solid",
        "prevSize": 32,
        "code": 59648
      },
      "setIdx": 0,
      "setId": 2,
      "iconIdx": 0
    },
    {
      "icon": {
        "paths": [
          "M168.391 47.45c0.782 0 85.593 86.451 188.424 192.18s206.138 211.599 229.615 235.248l42.692 43.069-12.144 11.894c-6.667 6.577-111.634 109.892-233.245 229.489l-221.101 217.47-40.94-41.816c-22.561-22.949-47.778-48.741-55.964-57.341l-14.899-15.65 115.182-116.435c63.323-64.028 141.391-143.206 173.525-176.029l58.468-59.72-86.262-87.514c-47.433-48.133-126.125-127.944-174.903-177.407l-88.766-90.017 59.469-53.71c32.687-29.556 60.062-53.711 60.847-53.711zM170.020 0l441.075 453.345 64.853 64.727-514.066 505.928-157.751-161.882 348.052-352.184-352.184-356.065 170.020-153.869z"
        ],
        "attrs": [
          {}
        ],
        "width": 676,
        "isMulticolor": false,
        "isMulticolor2": false,
        "grid": 0,
        "tags": [
          "t-button-r-solid"
        ]
      },
      "attrs": [
        {}
      ],
      "properties": {
        "order": 3,
        "id": 0,
        "name": "t-button-r-solid",
        "prevSize": 32,
        "code": 59649
      },
      "setIdx": 0,
      "setId": 2,
      "iconIdx": 1
    }
  ],
  "height": 1024,
  "metadata": {
    "name": "t-buttons-font"
  },
  "preferences": {
    "showGlyphs": true,
    "showQuickUse": true,
    "showQuickUse2": true,
    "showSVGs": true,
    "fontPref": {
      "prefix": "icon-",
      "metadata": {
        "fontFamily": "t-buttons-font",
        "majorVersion": 1,
        "minorVersion": 0
      },
      "metrics": {
        "emSize": 1024,
        "baseline": 6.25,
        "whitespace": 50
      },
      "embed": false,
      "showSelector": true
    },
    "imagePref": {
      "prefix": "icon-",
      "png": true,
      "useClassSelector": true,
      "color": 0,
      "bgColor": 16777215,
      "classSelector": ".icon"
    },
    "historySize": 100,
    "showCodes": true,
    "gridSize": 16
  }
}